{
  "name": "DS_ADLS_Folder",
  "properties": {
    "linkedServiceName": {
      "referenceName": "AzureDataLakeStorage1",
      "type": "LinkedServiceReference"
    },
    "parameters": {
      "Container": {
        "type": "string"
      },
      "FolderPath": {
        "type": "string"
      }
    },
    "annotations": [],
    "type": "Binary",
    "typeProperties": {
      "location": {
        "type": "AzureBlobFSLocation",
        "folderPath": {
          "value": "@dataset().FolderPath",
          "type": "Expression"
        },
        "fileSystem": {
          "value": "@dataset().Container",
          "type": "Expression"
        }
      }
    }
  }
}
