{
  "name": "DS_ADLS_GitkeepFile",
  "properties": {
    "linkedServiceName": {
      "referenceName": "AzureDataLakeStorage1",
      "type": "LinkedServiceReference"
    },
    "parameters": {
      "Container": {
        "type": "string"
      },
      "FilePath": {
        "type": "string"
      }
    },
    "annotations": [],
    "type": "DelimitedText",
    "typeProperties": {
      "location": {
        "type": "AzureBlobFSLocation",
        "fileName": {
          "value": "@last(split(dataset().FilePath, '/'))",
          "type": "Expression"
        },
        "folderPath": {
          "value": "@replace(dataset().FilePath, concat('/', last(split(dataset().FilePath, '/'))), '')",
          "type": "Expression"
        },
        "fileSystem": {
          "value": "@dataset().Container",
          "type": "Expression"
        }
      },
      "columnDelimiter": ",",
      "escapeChar": "\\",
      "firstRowAsHeader": false,
      "quoteChar": "\""
    },
    "schema": []
  },
  "type": "Microsoft.DataFactory/factories/datasets"
}
