{
  "name": "DS_EmptySource",
  "properties": {
    "linkedServiceName": {
      "referenceName": "AzureDataLakeStorage1",
      "type": "LinkedServiceReference"
    },
    "annotations": [],
    "type": "DelimitedText",
    "typeProperties": {
      "location": {
        "type": "AzureBlobFSLocation",
        "fileName": "empty.txt",
        "folderPath": "system",
        "fileSystem": "jagcontainer"
      },
      "columnDelimiter": ",",
      "escapeChar": "\\",
      "firstRowAsHeader": false,
      "quoteChar": "\""
    },
    "schema": []
  },
  "type": "Microsoft.DataFactory/factories/datasets"
}
